[
    {
        "model": "GestionCine.cliente",
        "pk": 1,
        "fields": {
            "dni": "12345678A",
            "nombre": "Juan",
            "apellidos": "Pérez García",
            "email": "juan.perez@example.com"
        }
    },
    {
        "model": "GestionCine.cliente",
        "pk": 2,
        "fields": {
            "dni": "87654321B",
            "nombre": "Maria",
            "apellidos": "Lopez Martin",
            "email": "maria.lopez@example.com"
        }
    },
    {
        "model": "GestionCine.cliente",
        "pk": 3,
        "fields": {
            "dni": "13579246C",
            "nombre": "Luis",
            "apellidos": "Ramirez Suarez",
            "email": "luis.ramirez@example.com"
        }
    },
    {
        "model": "GestionCine.cliente",
        "pk": 4,
        "fields": {
            "dni": "24681357D",
            "nombre": "Ana",
            "apellidos": "Garcia Fernandez",
            "email": "ana.garcia@example.com"
        }
    },
    {
        "model": "GestionCine.cliente",
        "pk": 5,
        "fields": {
            "dni": "12348765E",
            "nombre": "Carlos",
            "apellidos": "Sanchez Ortega",
            "email": "carlos.sanchez@example.com"
        }
    },
    {
        "model": "GestionCine.cliente",
        "pk": 6,
        "fields": {
            "dni": "87651234F",
            "nombre": "Elena",
            "apellidos": "Mendez Alonso",
            "email": "elena.mendez@example.com"
        }
    },
    {
        "model": "GestionCine.socio",
        "pk": 1,
        "fields": {
            "numSocio": "10001",
            "fechaAlta": "2023-01-15",
            "fechaCaducidad": "2024-01-15",
            "cliente": 1
        }
    },
    {
        "model": "GestionCine.socio",
        "pk": 3,
        "fields": {
            "numSocio": "10003",
            "fechaAlta": "2023-03-05",
            "fechaCaducidad": "2024-03-05",
            "cliente": 3
        }
    },
    {
        "model": "GestionCine.socio",
        "pk": 4,
        "fields": {
            "numSocio": "10004",
            "fechaAlta": "2023-04-15",
            "fechaCaducidad": "2024-04-15",
            "cliente": 4
        }
    },
    {
        "model": "GestionCine.socio",
        "pk": 6,
        "fields": {
            "numSocio": "10006",
            "fechaAlta": "2023-06-10",
            "fechaCaducidad": "2024-06-10",
            "cliente": 6
        }
    },
    {
        "model": "GestionCine.gerente",
        "pk": 1,
        "fields": {
            "dni": "11223344C",
            "nombre": "Laura",
            "apellidos": "Hernández López",
            "telefono": "666777888"
        }
    },
    {
        "model": "GestionCine.gerente",
        "pk": 2,
        "fields": {
            "dni": "55667788D",
            "nombre": "Pedro",
            "apellidos": "Martinez Gómez",
            "telefono": "666888999"
        }
    },
    {
        "model": "GestionCine.gerente",
        "pk": 3,
        "fields": {
            "dni": "77889900E",
            "nombre": "Rosa",
            "apellidos": "Diaz Ortega",
            "telefono": "666999111"
        }
    },
    {
        "model": "GestionCine.gerente",
        "pk": 4,
        "fields": {
            "dni": "99001122F",
            "nombre": "Miguel",
            "apellidos": "Fernandez Lopez",
            "telefono": "666222333"
        }
    },
    {
        "model": "GestionCine.gerente",
        "pk": 5,
        "fields": {
            "dni": "22334455G",
            "nombre": "Alba",
            "apellidos": "Lopez Ruiz",
            "telefono": "666333444"
        }
    },
    {
        "model": "GestionCine.gerente",
        "pk": 6,
        "fields": {
            "dni": "33445566H",
            "nombre": "Javier",
            "apellidos": "Castro Delgado",
            "telefono": "666444555"
        }
    },
    {
        "model": "GestionCine.cine",
        "pk": 1,
        "fields": {
            "direccion": "Calle Gran Via 1, Madrid",
            "telefono": "915555555",
            "email": "info@cinecentral.com",
            "gerente": 1
        }
    },
    {
        "model": "GestionCine.cine",
        "pk": 2,
        "fields": {
            "direccion": "Avenida de la Constitución 20, Sevilla",
            "telefono": "954555555",
            "email": "info@cineandaluz.com",
            "gerente": 2
        }
    },
    {
        "model": "GestionCine.cine",
        "pk": 3,
        "fields": {
            "direccion": "Calle Mayor 15, Barcelona",
            "telefono": "934555555",
            "email": "info@cinecatalunya.com",
            "gerente": 3
        }
    },
    {
        "model": "GestionCine.cine",
        "pk": 4,
        "fields": {
            "direccion": "Plaza Mayor 2, Valencia",
            "telefono": "963555555",
            "email": "info@cinevalenciano.com",
            "gerente": 4
        }
    },
    {
        "model": "GestionCine.cine",
        "pk": 5,
        "fields": {
            "direccion": "Paseo de la Castellana 101, Madrid",
            "telefono": "917555555",
            "email": "info@cinecastellana.com",
            "gerente": 5
        }
    },
    {
        "model": "GestionCine.cine",
        "pk": 6,
        "fields": {
            "direccion": "Calle Alcalá 50, Madrid",
            "telefono": "918555555",
            "email": "info@cinealcala.com",
            "gerente": 6
        }
    },
    {
        "model": "GestionCine.empleado",
        "pk": 1,
        "fields": {
            "dni": "44556677I",
            "nombre": "Mario",
            "apellidos": "Torres Diaz",
            "nuss": "123456789012",
            "iban": "ES9121000418450200051332",
            "salario": 1300,
            "encargado": true,
            "cine": 1
        }
    },
    {
        "model": "GestionCine.empleado",
        "pk": 2,
        "fields": {
            "dni": "55667788J",
            "nombre": "Sara",
            "apellidos": "Gonzalez Perez",
            "nuss": "123456789013",
            "iban": "ES9121000418450200051333",
            "salario": 1200,
            "encargado": false,
            "cine": 2
        }
    },
    {
        "model": "GestionCine.empleado",
        "pk": 3,
        "fields": {
            "dni": "66778899K",
            "nombre": "Pablo",
            "apellidos": "Santos Molina",
            "nuss": "123456789014",
            "iban": "ES9121000418450200051334",
            "salario": 1250,
            "encargado": false,
            "cine": 3
        }
    },
    {
        "model": "GestionCine.empleado",
        "pk": 4,
        "fields": {
            "dni": "77889900L",
            "nombre": "Lucia",
            "apellidos": "Martinez Lopez",
            "nuss": "123456789015",
            "iban": "ES9121000418450200051335",
            "salario": 1350,
            "encargado": true,
            "cine": 4
        }
    },
    {
        "model": "GestionCine.empleado",
        "pk": 5,
        "fields": {
            "dni": "88990011M",
            "nombre": "David",
            "apellidos": "Fernandez Ruiz",
            "nuss": "123456789016",
            "iban": "ES9121000418450200051336",
            "salario": 1400,
            "encargado": false,
            "cine": 5
        }
    },
    {
        "model": "GestionCine.empleado",
        "pk": 6,
        "fields": {
            "dni": "99001122N",
            "nombre": "Carla",
            "apellidos": "Sanchez Gonzalez",
            "nuss": "123456789017",
            "iban": "ES9121000418450200051337",
            "salario": 1500,
            "encargado": true,
            "cine": 6
        }
    },

    {
            "model": "GestionCine.sala",
            "pk": 1,
            "fields": {
                "tamano": "PE",
                "cine": 1,
                "empleado": [1]
        }
    },
        {
            "model": "GestionCine.sala",
            "pk": 2,
            "fields": {
                "tamano": "ME",
                "cine": 2,
                "empleado": [2]
            }
        },
        {
            "model": "GestionCine.sala",
            "pk": 3,
            "fields": {
                "tamano": "GR",
                "cine": 3,
                "empleado": [3]
            }
        },
        {
            "model": "GestionCine.sala",
            "pk": 4,
            "fields": {
                "tamano": "PE",
                "cine": 4,
                "empleado": [4]
            }
        },
        {
            "model": "GestionCine.sala",
            "pk": 5,
            "fields": {
                "tamano": "ME",
                "cine": 5,
                "empleado": [5]
            }
        },
        {
            "model": "GestionCine.sala",
            "pk": 6,
            "fields": {
                "tamano": "GR",
                "cine": 6,
                "empleado": [6]
            }
        },
        {
            "model": "GestionCine.pelicula",
            "pk": 1,
            "fields": {
                "titulo": "Inception",
                "director": "Christopher Nolan",
                "sinopsis": "A mind-bending thriller about dream infiltration.",
                "fechaLanzamiento": "2010-07-16",
                "tiempoProyectada": "02:28:00",
                "sala": [1, 2]
            }
        },
        {
            "model": "GestionCine.pelicula",
            "pk": 2,
            "fields": {
                "titulo": "Interstellar",
                "director": "Christopher Nolan",
                "sinopsis": "Exploration of space and time.",
                "fechaLanzamiento": "2014-11-07",
                "tiempoProyectada": "02:49:00",
                "sala": [2, 3]
            }
        },
        {
            "model": "GestionCine.pelicula",
            "pk": 3,
            "fields": {
                "titulo": "The Matrix",
                "director": "The Wachowskis",
                "sinopsis": "A hacker learns the truth about his reality.",
                "fechaLanzamiento": "1999-03-31",
                "tiempoProyectada": "02:16:00",
                "sala": [3, 4]
            }
        },
        {
            "model": "GestionCine.pelicula",
            "pk": 4,
            "fields": {
                "titulo": "Avatar",
                "director": "James Cameron",
                "sinopsis": "Humans attempt to colonize a new world.",
                "fechaLanzamiento": "2009-12-18",
                "tiempoProyectada": "02:42:00",
                "sala": [4, 5]
            }
        },
        {
            "model": "GestionCine.pelicula",
            "pk": 5,
            "fields": {
                "titulo": "The Lord of the Rings",
                "director": "Peter Jackson",
                "sinopsis": "An epic fantasy journey.",
                "fechaLanzamiento": "2001-12-19",
                "tiempoProyectada": "03:48:00",
                "sala": [5, 6]
            }
        },
        {
            "model": "GestionCine.pelicula",
            "pk": 6,
            "fields": {
                "titulo": "Harry Potter and the Philosopher's Stone",
                "director": "Chris Columbus",
                "sinopsis": "A young boy discovers he is a wizard.",
                "fechaLanzamiento": "2001-11-16",
                "tiempoProyectada": "02:32:00",
                "sala": [1, 6]
            }
        },
        {
            "model": "GestionCine.proyeccion",
            "pk": 1,
            "fields": {
                "hora": "2023-12-01T18:00:00Z",
                "sala": 1,
                "pelicula": 1
            }
        },
        {
            "model": "GestionCine.proyeccion",
            "pk": 2,
            "fields": {
                "hora": "2023-12-02T20:00:00Z",
                "sala": 2,
                "pelicula": 2
            }
        },
        {
            "model": "GestionCine.proyeccion",
            "pk": 3,
            "fields": {
                "hora": "2023-12-03T22:00:00Z",
                "sala": 3,
                "pelicula": 3
            }
        },
        {
            "model": "GestionCine.proyeccion",
            "pk": 4,
            "fields": {
                "hora": "2023-12-04T19:00:00Z",
                "sala": 4,
                "pelicula": 4
            }
        },
        {
            "model": "GestionCine.proyeccion",
            "pk": 5,
            "fields": {
                "hora": "2023-12-05T21:30:00Z",
                "sala": 5,
                "pelicula": 5
            }
        },
        {
            "model": "GestionCine.proyeccion",
            "pk": 6,
            "fields": {
                "hora": "2023-12-06T18:30:00Z",
                "sala": 6,
                "pelicula": 6
            }
        },
        {
            "model": "GestionCine.entrada",
            "pk": 1,
            "fields": {
                "fechaCompra": "2023-11-25T16:00:00Z",
                "cliente": 1,
                "proyeccion": 1
            }
        },
        {
            "model": "GestionCine.entrada",
            "pk": 2,
            "fields": {
                "fechaCompra": "2023-11-25T16:30:00Z",
                "cliente": 2,
                "proyeccion": 2
            }
        },
        {
            "model": "GestionCine.entrada",
            "pk": 3,
            "fields": {
                "fechaCompra": "2023-11-25T17:00:00Z",
                "cliente": 3,
                "proyeccion": 3
            }
        },
        {
            "model": "GestionCine.entrada",
            "pk": 4,
            "fields": {
                "fechaCompra": "2023-11-25T17:30:00Z",
                "cliente": 4,
                "proyeccion": 4
            }
        },
        {
            "model": "GestionCine.entrada",
            "pk": 5,
            "fields": {
                "fechaCompra": "2023-11-25T18:00:00Z",
                "cliente": 5,
                "proyeccion": 5
            }
        },
        {
            "model": "GestionCine.entrada",
            "pk": 6,
            "fields": {
                "fechaCompra": "2023-11-25T18:30:00Z",
                "cliente": 6,
                "proyeccion": 6
            }
        },
        {
            "model": "GestionCine.proveedor",
            "pk": 1,
            "fields": {
                "nombre": "Distribuidora Alimentos SA",
                "direccion": "Calle Mayor 50, Barcelona",
                "telefono": "934567890",
                "web": "http://www.distribuidoraalimentos.com"
            }
        },
        {
            "model": "GestionCine.proveedor",
            "pk": 2,
            "fields": {
                "nombre": "Bebidas Nacionales S.L.",
                "direccion": "Avenida Central 23, Madrid",
                "telefono": "912345678",
                "web": "http://www.bebidasnacionales.com"
            }
        },
        {
            "model": "GestionCine.proveedor",
            "pk": 3,
            "fields": {
                "nombre": "Snack World",
                "direccion": "Plaza España 10, Sevilla",
                "telefono": "954321987",
                "web": "http://www.snackworld.com"
            }
        },
        {
            "model": "GestionCine.proveedor",
            "pk": 4,
            "fields": {
                "nombre": "Popcorn Supply",
                "direccion": "Calle Popcorn 5, Valencia",
                "telefono": "963214579",
                "web": "http://www.popcornsupply.com"
            }
        },
        {
            "model": "GestionCine.proveedor",
            "pk": 5,
            "fields": {
                "nombre": "Chocolates y Más",
                "direccion": "Calle del Chocolate 12, Bilbao",
                "telefono": "944567321",
                "web": "http://www.chocolatesymas.com"
            }
        },
        {
            "model": "GestionCine.proveedor",
            "pk": 6,
            "fields": {
                "nombre": "Fruit and Juice",
                "direccion": "Calle de la Salud 7, Málaga",
                "telefono": "952123456",
                "web": "http://www.fruitandjuice.com"
            }
        },
        {
            "model": "GestionCine.producto",
            "pk": 1,
            "fields": {
                "nombre": "Palomitas",
                "tipo": "co",
                "fechaCaducidad": "2024-01-15",
                "proveedor": 1,
                "cliente": [1, 2]
            }
        },
        {
            "model": "GestionCine.producto",
            "pk": 2,
            "fields": {
                "nombre": "Coca-Cola",
                "tipo": "be",
                "fechaCaducidad": "2024-01-20",
                "proveedor": 2,
                "cliente": [3, 4]
            }
        },
        {
            "model": "GestionCine.producto",
            "pk": 3,
            "fields": {
                "nombre": "Chocolates",
                "tipo": "co",
                "fechaCaducidad": "2024-02-10",
                "proveedor": 5,
                "cliente": [5, 6]
            }
        },
        {
            "model": "GestionCine.producto",
            "pk": 4,
            "fields": {
                "nombre": "Agua Mineral",
                "tipo": "be",
                "fechaCaducidad": "2024-03-05",
                "proveedor": 6,
                "cliente": [1, 3]
            }
        },
        {
            "model": "GestionCine.producto",
            "pk": 5,
            "fields": {
                "nombre": "Nachos",
                "tipo": "co",
                "fechaCaducidad": "2024-04-12",
                "proveedor": 3,
                "cliente": [2, 4]
            }
        },
        {
            "model": "GestionCine.producto",
            "pk": 6,
            "fields": {
                "nombre": "Jugo de Naranja",
                "tipo": "be",
                "fechaCaducidad": "2024-05-18",
                "proveedor": 4,
                "cliente": [5, 6]
            }
        }
    
]
